{
	"pages": [ //pages数组中第一项表示应用启动页，参考：https://uniapp.dcloud.io/collocation/pages
		{
			"path": "pages/mine/pass",
			"style" : {
				"navigationStyle":"custom"
			}
		},
		{
			"path": "pages/mine/login",
			"style" : {
				"navigationStyle":"custom"
			}
		},
		{
			"path": "pages/index/index",
			"style" : {
				"navigationBarTitleText": "首页",
                "enablePullDownRefresh": false,
                "onReachBottomDistance":50
			}
		},
		{
			"path": "pages/index/platform",
			"style" : {
				"navigationBarTitleText": "平台要求"
			}
		},
		{
			"path": "pages/team/brokerage",
			"style" : {
				"navigationBarTitleText": "佣金比例设置"
			}
		},
		{
			"path": "pages/team/index",
			"style" : {
				"navigationBarTitleText": "团队",
		        "enablePullDownRefresh": false,
		        "onReachBottomDistance":50
			}
		},
		{
			"path": "pages/team/list",
			"style" : {
				"navigationBarTitleText": "团队列表",
		        "enablePullDownRefresh": false,
		        "onReachBottomDistance":50
			}
		},
		{
			"path": "pages/mine/index",
			"style" : {
				"navigationStyle":"custom"
			}
		},
		{
			"path": "pages/mine/feedbook",
			"style" : {
				"navigationBarTitleText": "问题反馈"
			}
		},
		{
			"path": "pages/mine/us",
			"style" : {
				"navigationBarTitleText": "关于我们"
			}
		},
		{
			"path": "pages/mine/rule",
			"style" : {
				"navigationBarTitleText": "协议"
			}
		},
		{
			"path": "pages/mine/register",
			"style" : {
				"navigationStyle":"custom"
			}
		},
		{
			"path": "pages/mine/withdraw/index",
			"style" : {
				"navigationBarTitleText": "提现"
			}
		},
		{
			"path": "pages/mine/withdraw/price",
			"style" : {
				"navigationBarTitleText": "提现金额"
				
			}
		},
		{
			"path": "pages/mine/withdraw/record",
			"style" : {
				"navigationBarTitleText": "提现记录"
			}
		},
		{
			"path": "pages/mine/editor/password",
			"style" : {
				"navigationBarTitleText": "修改密码"
			}
		},
		{
			"path": "pages/mine/attestation",
			"style" : {
				"navigationBarTitleText": "认证"
			}
		},
		{
			"path": "pages/mine/invite",
			"style" : {
				"navigationBarTitleText": "邀请码"
			}
		},
		{
			"path": "pages/index/tuiguang",
			"style" : {
				"navigationBarTitleText": "推广码"
			}
		}
	],
	"globalStyle": {
		"navigationStyle":"custom",
		"navigationBarTextStyle": "white",
		"navigationBarTitleText": "",
		"navigationBarBackgroundColor": "#EB0000",
		"backgroundColor": "#F1DBC1"
	},
    "tabBar": {
    	"color": "#151515",
    	"selectedColor": "#EB0000",
    	"borderStyle": "black",
    	"backgroundColor": "#FFFFFF",
    	"list": [
            {
    			"pagePath": "pages/index/index",
    			"iconPath": "static/images/bottomNav/1.png",
    			"selectedIconPath": "static/images/bottomNav/1-1.png",
    			"text": "首页"
    		},
			{
				"pagePath": "pages/team/index",
				"iconPath": "static/images/bottomNav/2.png",
				"selectedIconPath": "static/images/bottomNav/2-2.png",
				"text": "团队"
			},
			{
				"pagePath": "pages/mine/index",
				"iconPath": "static/images/bottomNav/3.png",
				"selectedIconPath": "static/images/bottomNav/3-3.png",
				"text": "我的"
			}
    	]
    }
}
